296. DRAMA,9.91,2020.02.05
295. 머피의 법칙,9.93,2020.01.29
294. 내가 좋아하는 사람이 나를 좋아할 확률,9.86,2020.01.22
293. RE: 죄와 벌 (6) <egoist>,9.72,2020.01.15
292. RE: 죄와 벌 (5),9.73,2020.01.08
291. RE: 죄와 벌 (4),9.77,2020.01.01
290. RE: 죄와 벌 (3),9.86,2019.12.25
289. RE: 죄와 벌 (2),9.87,2019.12.18
288. RE: 죄와 벌 (1),9.89,2019.12.11
287. 낯선 감정,9.91,2019.12.04
286. Weak,9.96,2019.11.27
285. OVER,9.95,2019.11.20
284. 지쳐갈 때,9.90,2019.11.13
283. 좋아하다,9.83,2019.11.06
282. 너를 좋아하고,9.92,2019.10.30
281. 스티그마,9.91,2019.10.23
280. 타산지석,9.96,2019.10.16
279. 대화가 필요해,9.93,2019.10.09
278. 내가 너를,9.92,2019.10.02
277. 수학여행 (9),9.87,2019.09.25
296. DRAMA,9.91,2020.02.05
295. 머피의 법칙,9.93,2020.01.29
294. 내가 좋아하는 사람이 나를 좋아할 확률,9.86,2020.01.22
293. RE: 죄와 벌 (6) <egoist>,9.72,2020.01.15
292. RE: 죄와 벌 (5),9.73,2020.01.08
291. RE: 죄와 벌 (4),9.77,2020.01.01
290. RE: 죄와 벌 (3),9.86,2019.12.25
289. RE: 죄와 벌 (2),9.87,2019.12.18
288. RE: 죄와 벌 (1),9.89,2019.12.11
287. 낯선 감정,9.91,2019.12.04
286. Weak,9.96,2019.11.27
285. OVER,9.95,2019.11.20
284. 지쳐갈 때,9.90,2019.11.13
283. 좋아하다,9.83,2019.11.06
282. 너를 좋아하고,9.92,2019.10.30
281. 스티그마,9.91,2019.10.23
280. 타산지석,9.96,2019.10.16
279. 대화가 필요해,9.93,2019.10.09
278. 내가 너를,9.92,2019.10.02
277. 수학여행 (9),9.87,2019.09.25
